match_id,match_date,home_score,away_score,result
4506866,2025-07-01,1,0,home_win
4506870,2025-07-05,2,0,home_win
4506871,2025-07-05,3,2,home_win
4506873,2025-07-09,4,0,home_win
4506874,2025-07-13,3,0,home_win
4624298,2025-07-20,1,2,away_win
4625710,2025-07-22,2,0,home_win
4627422,2025-07-27,2,1,home_win
4625727,2025-07-30,1,1,draw
4683940,2025-07-31,0,1,away_win
4638183,2025-08-01,0,2,away_win
4691926,2025-08-05,3,0,home_win
4627251,2025-08-06,4,1,home_win
4676662,2025-08-06,0,1,away_win
4676659,2025-08-06,2,1,home_win
4692614,2025-08-07,0,0,draw
4627485,2025-08-09,2,3,away_win
4703996,2025-08-10,5,4,home_win
4638193,2025-08-10,1,2,away_win
4627250,2025-08-10,3,1,home_win
4691930,2025-08-12,2,1,home_win
4676665,2025-08-12,3,2,home_win
4676660,2025-08-12,5,2,home_win
4625635,2025-08-13,6,5,home_win
4692627,2025-08-14,3,4,away_win
4635006,2025-08-15,1,0,home_win
4622725,2025-08-16,1,2,away_win
4625775,2025-08-16,0,0,draw
4645613,2025-08-17,3,2,home_win
4625781,2025-08-17,0,0,draw
4625782,2025-08-17,0,1,away_win
4697246,2025-08-19,1,3,away_win
4697247,2025-08-19,1,3,away_win
4697251,2025-08-20,1,1,draw
4697249,2025-08-20,5,0,home_win
4697252,2025-08-20,0,0,draw
4705693,2025-08-21,1,5,away_win
4632805,2025-08-22,6,0,home_win
4625784,2025-08-22,1,5,away_win
4625786,2025-08-23,0,2,away_win
4642892,2025-08-23,3,0,home_win
4620691,2025-08-23,1,0,home_win
4634126,2025-08-23,2,1,home_win
4635016,2025-08-24,1,0,home_win
4625793,2025-08-24,1,1,draw
4625785,2025-08-25,2,3,away_win
4645517,2025-08-25,1,0,home_win
4705682,2025-08-26,2,1,home_win
4705680,2025-08-27,2,3,away_win
4705686,2025-08-27,6,0,home_win
4705684,2025-08-27,2,0,home_win
4705685,2025-08-27,1,0,home_win
4705705,2025-08-28,1,2,away_win
4648653,2025-08-30,1,2,away_win
4634137,2025-08-31,3,0,home_win
4645534,2025-08-31,1,1,draw
4627262,2025-08-31,3,1,home_win
4638809,2025-08-31,0,0,draw
4627542,2025-08-31,1,1,draw
4627544,2025-08-31,2,0,home_win
4635025,2025-08-31,3,2,home_win
4635032,2025-08-31,1,0,home_win
4645533,2025-08-31,1,2,away_win
4625794,2025-08-31,0,3,away_win
4625795,2025-08-31,2,1,home_win
4625798,2025-08-31,1,0,home_win
4625800,2025-08-31,0,3,away_win
4634147,2025-09-12,3,1,home_win
4645565,2025-09-13,1,2,away_win
4634148,2025-09-13,3,1,home_win
4620707,2025-09-13,1,3,away_win
4645566,2025-09-13,2,0,home_win
4625804,2025-09-13,3,0,home_win
4620708,2025-09-13,4,3,home_win
4625813,2025-09-13,0,3,away_win
4627572,2025-09-14,1,1,draw
4635041,2025-09-14,3,1,home_win
4620709,2025-09-14,1,0,home_win
4625811,2025-09-14,3,0,home_win
4716845,2025-09-16,1,0,home_win
4716844,2025-09-16,2,3,away_win
4716774,2025-09-16,4,4,draw
4716843,2025-09-16,2,1,home_win
4716779,2025-09-16,1,3,away_win
4716778,2025-09-16,0,2,away_win
4717479,2025-09-17,3,2,home_win
4716847,2025-09-17,2,2,draw
4717478,2025-09-17,3,1,home_win
4716777,2025-09-17,4,0,home_win
4716776,2025-09-18,2,0,home_win
4717481,2025-09-18,2,2,draw
4717480,2025-09-18,4,1,home_win
4717482,2025-09-18,5,1,home_win
4717484,2025-09-18,1,2,away_win
4645487,2025-09-19,3,1,home_win
4625816,2025-09-20,2,2,draw
4625820,2025-09-20,2,1,home_win
4625822,2025-09-20,1,2,away_win
4623184,2025-09-20,1,1,draw
4642910,2025-09-20,0,2,away_win
4624582,2025-09-20,2,1,home_win
4641233,2025-09-21,1,2,away_win
4620718,2025-09-21,0,1,away_win
4625814,2025-09-21,1,1,draw
4634156,2025-09-21,3,4,away_win
4665074,2025-09-21,1,1,draw
4641477,2025-09-21,3,3,draw
4635050,2025-09-22,1,0,home_win
4627525,2025-09-23,1,0,home_win
4645540,2025-09-23,1,2,away_win
4715936,2025-09-24,3,1,home_win
4715941,2025-09-24,2,2,draw
4715955,2025-09-24,1,0,home_win
4715997,2025-09-24,2,1,home_win
4716256,2025-09-24,2,0,home_win
4623156,2025-09-24,2,2,draw
4623153,2025-09-24,0,0,draw
4645537,2025-09-24,3,2,home_win
4715950,2025-09-25,1,0,home_win
4715990,2025-09-25,1,4,away_win
4715943,2025-09-25,0,1,away_win
4715976,2025-09-25,1,1,draw
4715926,2025-09-25,0,1,away_win
4635051,2025-09-26,1,2,away_win
4620727,2025-09-27,1,1,draw
4645582,2025-09-27,1,0,home_win
4645576,2025-09-27,5,2,home_win
4625827,2025-09-27,2,1,home_win
4625826,2025-09-27,1,3,away_win
4645577,2025-09-28,2,1,home_win
4645580,2025-09-28,0,1,away_win
4625831,2025-09-28,1,2,away_win
4623188,2025-09-28,2,2,draw
4620729,2025-09-28,2,1,home_win
4635058,2025-09-28,0,1,away_win
4715003,2025-09-30,1,0,home_win
4715031,2025-09-30,2,1,home_win
4715117,2025-09-30,1,0,home_win
4715103,2025-09-30,2,2,draw
4715000,2025-09-30,3,0,home_win
4715023,2025-09-30,5,1,home_win
4715009,2025-10-01,4,1,home_win
4715035,2025-10-01,2,2,draw
4715128,2025-10-01,2,0,home_win
4715124,2025-10-01,0,4,away_win
4715113,2025-10-01,2,2,draw
4715020,2025-10-01,1,1,draw
4715016,2025-10-01,2,0,home_win
4715010,2025-10-01,1,2,away_win
4715091,2025-10-01,2,1,home_win
4715915,2025-10-02,0,1,away_win
4715963,2025-10-02,2,0,home_win
4715980,2025-10-02,0,2,away_win
4715927,2025-10-02,0,2,away_win
4715994,2025-10-02,2,0,home_win
4716048,2025-10-02,0,1,away_win
4716021,2025-10-02,1,1,draw
4716013,2025-10-02,0,2,away_win
4716007,2025-10-02,2,1,home_win
4716005,2025-10-02,2,3,away_win
4716097,2025-10-02,4,1,home_win
4634175,2025-10-04,1,1,draw
4634174,2025-10-04,0,3,away_win
4634173,2025-10-04,2,0,home_win
4645508,2025-10-04,3,1,home_win
4625838,2025-10-04,2,1,home_win
4625834,2025-10-04,2,0,home_win
4641239,2025-10-05,1,0,home_win
4642922,2025-10-05,2,1,home_win
4645514,2025-10-05,0,1,away_win
4645510,2025-10-05,4,1,home_win
4665013,2025-10-05,2,1,home_win
4625842,2025-10-05,2,0,home_win
4624607,2025-10-05,1,1,draw
4648344,2025-10-05,1,1,draw
4620741,2025-10-05,0,0,draw
4648743,2025-10-05,1,1,draw
4648744,2025-10-05,0,0,draw
4620739,2025-10-05,1,2,away_win
4635068,2025-10-05,1,1,draw
4635071,2025-10-17,3,3,draw
4625844,2025-10-18,2,1,home_win
4625850,2025-10-18,0,3,away_win
4620755,2025-10-18,0,1,away_win
4645602,2025-10-18,2,2,draw
4634182,2025-10-18,2,1,home_win
4642929,2025-10-19,0,2,away_win
4620753,2025-10-19,2,1,home_win
4625848,2025-10-19,1,2,away_win
4625852,2025-10-19,1,2,away_win
4620747,2025-10-19,0,0,draw
4634183,2025-10-19,2,2,draw
4715018,2025-10-21,2,7,away_win
4715109,2025-10-21,2,4,away_win
4715034,2025-10-21,0,2,away_win
4715134,2025-10-21,3,0,home_win
4715012,2025-10-21,6,1,home_win
4715062,2025-10-21,6,2,home_win
4715121,2025-10-21,0,4,away_win
4715015,2025-10-21,4,0,home_win
4714987,2025-10-22,4,0,home_win
4715057,2025-10-22,0,0,draw
4715006,2025-10-22,1,5,away_win
4715119,2025-10-22,3,1,home_win
4715038,2025-10-22,2,1,home_win
4715132,2025-10-22,3,1,home_win
4714979,2025-10-22,1,0,home_win
4715139,2025-10-22,0,0,draw
4716076,2025-10-23,1,2,away_win
4715981,2025-10-23,2,1,home_win
4716047,2025-10-23,0,0,draw
4716014,2025-10-23,1,2,away_win
4716003,2025-10-23,2,0,home_win
4715954,2025-10-23,1,0,home_win
4715916,2025-10-23,1,2,away_win
4716113,2025-10-23,1,1,draw
4715965,2025-10-23,2,0,home_win
4715930,2025-10-23,3,1,home_win
4715932,2025-10-23,3,4,away_win
4715944,2025-10-23,2,3,away_win
4716082,2025-10-23,0,3,away_win
4645557,2025-10-24,2,1,home_win
4620761,2025-10-25,3,1,home_win
4625861,2025-10-25,4,2,home_win
4645561,2025-10-26,2,1,home_win
4620758,2025-10-26,2,2,draw
4620759,2025-10-26,1,0,home_win
4634191,2025-10-26,2,0,home_win
4635078,2025-10-26,2,1,home_win
4623859,2025-10-26,0,0,draw
4641652,2025-10-26,2,3,away_win
4625854,2025-10-26,1,0,home_win
4625855,2025-10-26,1,0,home_win
4645560,2025-10-27,0,2,away_win
4717153,2025-10-28,3,5,away_win
4620767,2025-10-28,1,1,draw
4740851,2025-10-29,0,3,away_win
4740854,2025-10-29,2,0,home_win
4740850,2025-10-29,2,0,home_win
4620772,2025-10-29,3,0,home_win
4625870,2025-11-01,2,2,draw
4634200,2025-11-01,3,0,home_win
4625868,2025-11-01,2,0,home_win
4634202,2025-11-01,3,1,home_win
4625872,2025-11-01,0,1,away_win
4645585,2025-11-01,3,0,home_win
4645590,2025-11-01,3,2,home_win
4645593,2025-11-01,4,0,home_win
4634205,2025-11-01,0,0,draw
4620780,2025-11-02,1,0,home_win
4712532,2025-11-02,1,2,away_win
4635099,2025-11-02,4,1,home_win
4625873,2025-11-02,3,1,home_win
4648725,2025-11-02,2,1,home_win
4627309,2025-11-02,0,0,draw
4642941,2025-11-02,2,1,home_win
4715037,2025-11-04,1,1,draw
4715026,2025-11-04,0,1,away_win
4714994,2025-11-04,1,2,away_win
4714992,2025-11-04,4,0,home_win
4714990,2025-11-04,1,0,home_win
4715008,2025-11-04,1,1,draw
4715033,2025-11-04,0,3,away_win
4715093,2025-11-04,0,0,draw
4715025,2025-11-04,3,1,home_win
4715027,2025-11-05,0,1,away_win
4715055,2025-11-05,2,2,draw
4714982,2025-11-05,4,1,home_win
4714999,2025-11-05,3,3,draw
4715143,2025-11-05,2,0,home_win
4715022,2025-11-05,0,1,away_win
4715993,2025-11-06,3,1,home_win
4715969,2025-11-06,4,0,home_win
4715940,2025-11-06,2,0,home_win
4715958,2025-11-06,3,4,away_win
4715972,2025-11-06,0,0,draw
4716027,2025-11-06,2,0,home_win
4716255,2025-11-06,3,1,home_win
4716009,2025-11-06,0,0,draw
4716094,2025-11-06,3,1,home_win
4715923,2025-11-06,0,2,away_win
4716100,2025-11-06,3,2,home_win
4716090,2025-11-06,0,0,draw
4625882,2025-11-08,2,2,draw
4634215,2025-11-08,2,2,draw
4641215,2025-11-09,1,1,draw
4635113,2025-11-09,2,0,home_win
4641214,2025-11-09,1,0,home_win
4625877,2025-11-09,0,0,draw
4642946,2025-11-09,1,1,draw
4625879,2025-11-09,3,0,home_win
4620793,2025-11-09,2,0,home_win
4645549,2025-11-09,0,0,draw
4665019,2025-11-09,2,1,home_win
4620796,2025-11-09,2,0,home_win
4641679,2025-11-09,1,5,away_win
4624637,2025-11-09,3,5,away_win
4627311,2025-11-09,0,1,away_win
4635106,2025-11-09,2,3,away_win
4635115,2025-11-22,4,1,home_win
4645500,2025-11-22,4,0,home_win
4634218,2025-11-22,6,2,home_win
4634219,2025-11-22,3,3,draw
4625892,2025-11-22,2,1,home_win
4620807,2025-11-22,3,1,home_win
4625890,2025-11-22,0,3,away_win
4620804,2025-11-22,1,1,draw
4642952,2025-11-23,1,3,away_win
4620805,2025-11-23,0,1,away_win
4625884,2025-11-23,4,1,home_win
4714986,2025-11-25,0,1,away_win
4715122,2025-11-25,4,0,home_win
4715021,2025-11-25,2,1,home_win
4715095,2025-11-25,0,2,away_win
4715030,2025-11-25,0,0,draw
4715028,2025-11-25,2,3,away_win
4715013,2025-11-25,2,0,home_win
4715053,2025-11-25,3,0,home_win
4715125,2025-11-26,2,1,home_win
4715005,2025-11-26,0,3,away_win
4715060,2025-11-26,5,3,home_win
4715114,2025-11-26,3,0,home_win
4715066,2025-11-26,1,4,away_win
4715049,2025-11-26,3,4,away_win
4715130,2025-11-26,3,1,home_win
4715952,2025-11-27,1,1,draw
4715949,2025-11-27,2,1,home_win
4715931,2025-11-27,4,0,home_win
4715917,2025-11-27,2,1,home_win
4716019,2025-11-27,4,1,home_win
4716033,2025-11-27,2,1,home_win
4715973,2025-11-27,0,0,draw
4716049,2025-11-27,2,1,home_win
4716085,2025-11-27,0,1,away_win
4715924,2025-11-27,1,1,draw
4716151,2025-11-27,4,1,home_win
4715928,2025-11-27,1,3,away_win
4716112,2025-11-27,2,1,home_win
4635130,2025-11-29,1,0,home_win
4634228,2025-11-29,1,2,away_win
4620818,2025-11-29,1,0,home_win
4625896,2025-11-30,1,1,draw
4645766,2025-11-30,0,2,away_win
4641280,2025-11-30,1,0,home_win
4645763,2025-11-30,2,3,away_win
4620812,2025-11-30,2,0,home_win
4642958,2025-11-30,3,0,home_win
4620821,2025-11-30,0,1,away_win
4625900,2025-11-30,0,2,away_win
4625897,2025-11-30,1,2,away_win
4625903,2025-11-30,0,2,away_win
4647882,2025-12-01,1,1,draw
4761580,2025-12-02,0,1,away_win
4625912,2025-12-02,2,2,draw
4645831,2025-12-02,3,1,home_win
4625906,2025-12-03,3,4,away_win
4645837,2025-12-03,0,3,away_win
4761581,2025-12-03,2,3,away_win
4625911,2025-12-04,1,1,draw
4736144,2025-12-04,1,0,home_win
4635132,2025-12-05,1,0,home_win
4648686,2025-12-05,1,1,draw
4634238,2025-12-06,6,0,home_win
4641287,2025-12-06,1,1,draw
4634239,2025-12-06,0,5,away_win
4645779,2025-12-06,1,0,home_win
4645772,2025-12-06,3,5,away_win
4635140,2025-12-06,5,0,home_win
4625914,2025-12-06,2,1,home_win
4625916,2025-12-07,1,1,draw
4620835,2025-12-07,1,1,draw
4620836,2025-12-07,2,1,home_win
4715096,2025-12-09,1,0,home_win
4715058,2025-12-09,0,1,away_win
4715064,2025-12-09,2,3,away_win
4715135,2025-12-09,2,1,home_win
4715092,2025-12-09,3,1,home_win
4715112,2025-12-09,2,1,home_win
4714993,2025-12-09,3,0,home_win
4714988,2025-12-09,2,3,away_win
4714996,2025-12-10,2,3,away_win
4715136,2025-12-10,2,2,draw
4715065,2025-12-10,1,2,away_win
4714998,2025-12-10,0,3,away_win
4715126,2025-12-10,2,2,draw
4715051,2025-12-10,0,0,draw
4715116,2025-12-10,2,0,home_win
4716115,2025-12-11,1,2,away_win
4716257,2025-12-11,1,0,home_win
4715935,2025-12-11,1,3,away_win
4716032,2025-12-11,0,0,draw
4715975,2025-12-11,2,1,home_win
4715979,2025-12-11,0,3,away_win
4715987,2025-12-11,1,0,home_win
4715995,2025-12-11,1,0,home_win
4715991,2025-12-11,1,2,away_win
4716011,2025-12-11,4,3,home_win
4634251,2025-12-12,3,1,home_win
4625929,2025-12-13,2,0,home_win
4625933,2025-12-14,2,3,away_win
4625931,2025-12-14,3,0,home_win
4635149,2025-12-14,1,0,home_win
4634248,2025-12-14,1,1,draw
4625928,2025-12-14,0,3,away_win
4620843,2025-12-14,0,1,away_win
4645782,2025-12-15,0,0,draw
4716074,2025-12-18,0,0,draw
4641399,2025-12-18,2,0,home_win
4641400,2025-12-19,4,3,home_win
4645840,2025-12-20,2,0,home_win
4620857,2025-12-20,2,1,home_win
4625940,2025-12-20,3,0,home_win
4625941,2025-12-20,2,2,draw
4625942,2025-12-20,1,2,away_win
4634256,2025-12-20,1,3,away_win
4627350,2025-12-21,3,0,home_win
4641383,2025-12-21,2,1,home_win
4625934,2025-12-21,2,1,home_win
4645843,2025-12-21,0,2,away_win
4665111,2025-12-21,2,0,home_win
4786004,2025-12-22,2,0,home_win
4769165,2025-12-23,9,8,home_win
4641344,2025-12-26,3,5,away_win
4625950,2025-12-26,1,0,home_win
4625947,2025-12-27,1,2,away_win
4625944,2025-12-27,2,1,home_win
4625951,2025-12-27,1,2,away_win
4648780,2025-12-28,2,2,draw
4625948,2025-12-28,0,1,away_win
4620862,2025-12-28,0,1,away_win
4625963,2025-12-30,2,2,draw
4625954,2025-12-30,4,1,home_win
4635152,2026-01-03,1,3,away_win
4625964,2026-01-03,3,1,home_win
4649463,2026-01-03,1,3,away_win
4620872,2026-01-03,1,0,home_win
4635153,2026-01-03,0,2,away_win
4645851,2026-01-04,1,1,draw
4625970,2026-01-04,1,1,draw
4620877,2026-01-04,3,1,home_win
4620879,2026-01-04,0,2,away_win
4625971,2026-01-04,2,0,home_win
4645853,2026-01-04,5,1,home_win
4626007,2026-01-06,1,2,away_win
4626005,2026-01-07,1,1,draw
4626002,2026-01-07,0,0,draw
4790450,2026-01-07,5,0,home_win
4779999,2026-01-07,1,3,away_win
4620882,2026-01-07,0,2,away_win
4620884,2026-01-07,2,2,draw
4790451,2026-01-08,1,2,away_win
4625998,2026-01-08,0,0,draw
4738246,2026-01-08,6,3,home_win
4634265,2026-01-09,3,3,draw
4788523,2026-01-10,1,2,away_win
4634264,2026-01-10,1,4,away_win
4800635,2026-01-11,3,2,home_win
4620896,2026-01-11,2,2,draw
4620894,2026-01-11,1,1,draw
4788527,2026-01-11,1,2,away_win
4798808,2026-01-13,0,2,away_win
4634275,2026-01-13,3,2,home_win
4798809,2026-01-14,2,3,away_win
4799312,2026-01-14,0,2,away_win
4634274,2026-01-14,2,0,home_win
4635166,2026-01-16,3,0,home_win
4626016,2026-01-17,1,2,away_win
4626014,2026-01-17,0,0,draw
4626013,2026-01-17,2,0,home_win
4634282,2026-01-17,1,5,away_win
4645876,2026-01-17,2,0,home_win
4645874,2026-01-18,2,1,home_win
4641321,2026-01-18,4,2,home_win
4634284,2026-01-18,1,1,draw
4620902,2026-01-18,1,2,away_win
4715056,2026-01-20,1,3,away_win
4715100,2026-01-20,6,1,home_win
4715102,2026-01-20,2,1,home_win
4715046,2026-01-20,2,0,home_win
4715039,2026-01-20,2,0,home_win
4715019,2026-01-20,1,1,draw
4715029,2026-01-20,3,1,home_win
4715110,2026-01-21,3,2,home_win
4714995,2026-01-21,1,1,draw
4715011,2026-01-21,2,0,home_win
4715148,2026-01-21,3,0,home_win
4715024,2026-01-21,0,3,away_win
4715108,2026-01-21,2,3,away_win
4715036,2026-01-21,2,4,away_win
4715068,2026-01-21,2,0,home_win
4715971,2026-01-22,1,1,draw
4715988,2026-01-22,0,1,away_win
4715937,2026-01-22,4,1,home_win
4715951,2026-01-22,0,1,away_win
4715978,2026-01-22,1,1,draw
4715945,2026-01-22,3,1,home_win
4715967,2026-01-22,2,0,home_win
4716020,2026-01-22,2,2,draw
4715929,2026-01-22,3,0,home_win
4715957,2026-01-22,1,0,home_win
4715918,2026-01-22,2,0,home_win
4645794,2026-01-24,0,2,away_win
4634303,2026-01-24,0,3,away_win
4645798,2026-01-24,2,1,home_win
4635168,2026-01-25,1,4,away_win
4626026,2026-01-25,0,2,away_win
4620918,2026-01-25,3,0,home_win
4620920,2026-01-25,1,1,draw
4626018,2026-01-25,2,3,away_win
4626022,2026-01-25,1,3,away_win
4714997,2026-01-28,3,0,home_win
4715014,2026-01-28,0,0,draw
4715127,2026-01-28,3,0,home_win
4715138,2026-01-28,4,1,home_win
4715123,2026-01-28,1,2,away_win
4715050,2026-01-28,0,2,away_win
4715120,2026-01-28,4,2,home_win
4714989,2026-01-28,1,2,away_win
4714984,2026-01-28,2,3,away_win
4714981,2026-01-28,2,3,away_win
4715104,2026-01-28,6,0,home_win
4715059,2026-01-28,1,1,draw
4715099,2026-01-28,1,0,home_win
4715094,2026-01-28,2,0,home_win
4715002,2026-01-28,0,2,away_win
4716254,2026-01-29,2,0,home_win
4716031,2026-01-29,1,1,draw
4716029,2026-01-29,3,2,home_win
4715964,2026-01-29,4,2,home_win
4715919,2026-01-29,3,1,home_win
4716004,2026-01-29,4,0,home_win
4715992,2026-01-29,0,1,away_win
4715933,2026-01-29,1,0,home_win
4715947,2026-01-29,3,2,home_win
4715939,2026-01-29,2,1,home_win
4716012,2026-01-29,1,1,draw
4626032,2026-01-31,4,1,home_win
4635182,2026-01-31,4,0,home_win
4634306,2026-01-31,1,3,away_win
4620928,2026-01-31,2,1,home_win
4626030,2026-01-31,3,2,home_win
4635179,2026-02-01,1,2,away_win
4635178,2026-02-01,1,0,home_win
4645804,2026-02-01,2,1,home_win
4641311,2026-02-01,1,0,home_win
4645805,2026-02-01,1,1,draw
4626034,2026-02-01,1,1,draw
4626036,2026-02-01,2,2,draw
4641616,2026-02-01,3,0,home_win
4634310,2026-02-01,1,0,home_win
4798810,2026-02-03,1,0,home_win
4620923,2026-02-03,0,3,away_win
4798811,2026-02-04,3,1,home_win
4804365,2026-02-04,0,1,away_win
4808019,2026-02-05,0,5,away_win
4785785,2026-02-05,3,0,home_win
4634329,2026-02-06,1,1,draw
4626045,2026-02-07,2,0,home_win
4626040,2026-02-08,0,1,away_win
4620943,2026-02-08,2,2,draw
4626044,2026-02-08,1,2,away_win
4645818,2026-02-08,0,1,away_win
4641361,2026-02-08,2,0,home_win
4665123,2026-02-08,0,1,away_win
4648389,2026-02-08,2,1,home_win
4635186,2026-02-08,5,0,home_win
4648806,2026-02-09,1,1,draw
4626057,2026-02-10,1,1,draw
4626056,2026-02-10,1,2,away_win
4782524,2026-02-11,2,0,home_win
4785784,2026-02-11,2,5,away_win
4819275,2026-02-11,0,1,away_win
4804367,2026-02-11,2,0,home_win
4626048,2026-02-11,1,0,home_win
4819274,2026-02-12,4,0,home_win
4635203,2026-02-13,3,1,home_win
4645888,2026-02-14,4,1,home_win
4808368,2026-02-14,1,3,away_win
4620959,2026-02-14,0,2,away_win
4620958,2026-02-14,3,2,home_win
4808369,2026-02-14,3,0,home_win
4635196,2026-02-14,2,2,draw
4645881,2026-02-15,3,0,home_win
4620960,2026-02-15,2,2,draw
4787666,2026-02-15,1,1,draw
4814097,2026-02-17,0,1,away_win
4814095,2026-02-17,2,3,away_win
4814098,2026-02-17,2,0,home_win
4814096,2026-02-17,5,2,home_win
4814099,2026-02-18,1,6,away_win
4814100,2026-02-18,3,3,draw
4814102,2026-02-18,0,2,away_win
4814101,2026-02-18,3,1,home_win
4805889,2026-02-19,2,2,draw
4805838,2026-02-19,0,3,away_win
4805890,2026-02-19,1,3,away_win
4805892,2026-02-19,1,4,away_win
4805893,2026-02-19,0,3,away_win
4634365,2026-02-21,1,0,home_win
4634363,2026-02-21,2,2,draw
4626063,2026-02-21,2,1,home_win
4645868,2026-02-21,1,1,draw
4634360,2026-02-21,3,2,home_win
4635204,2026-02-22,3,1,home_win
4624700,2026-02-22,0,0,draw
4626066,2026-02-22,1,4,away_win
4626064,2026-02-22,0,1,away_win
4642989,2026-02-22,1,5,away_win
4620965,2026-02-22,2,1,home_win
4814107,2026-02-24,3,2,home_win
4814108,2026-02-24,4,1,home_win
4814109,2026-02-24,1,2,away_win
4814110,2026-02-24,0,0,draw
4814106,2026-02-25,4,1,home_win
4814103,2026-02-25,2,2,draw
4814104,2026-02-25,3,2,home_win
4814105,2026-02-25,2,1,home_win
4805897,2026-02-26,4,5,away_win
4805898,2026-02-26,3,3,draw
4805846,2026-02-26,2,4,away_win
4805900,2026-02-26,0,1,away_win
4805901,2026-02-26,1,2,away_win
4645824,2026-02-28,4,1,home_win
4626074,2026-02-28,5,2,home_win
4645829,2026-02-28,1,1,draw
4634380,2026-02-28,2,3,away_win
4645825,2026-03-01,2,2,draw
4641296,2026-03-01,3,0,home_win
4626070,2026-03-01,2,1,home_win
4626068,2026-03-01,2,1,home_win
4634379,2026-03-01,2,0,home_win
4624832,2026-03-01,4,3,home_win
4635221,2026-03-01,3,2,home_win
4624831,2026-03-01,2,2,draw
4620980,2026-03-01,3,3,draw
4649528,2026-03-01,2,2,draw
4626075,2026-03-01,2,1,home_win
4819283,2026-03-03,3,0,home_win
4626084,2026-03-04,2,2,draw
4819284,2026-03-04,1,0,home_win
4626080,2026-03-04,0,1,away_win
4626078,2026-03-04,1,4,away_win
4824554,2026-03-04,2,2,draw
4626085,2026-03-04,2,1,home_win
4626086,2026-03-05,1,3,away_win
4635230,2026-03-06,1,3,away_win
4645953,2026-03-07,3,2,home_win
4641355,2026-03-07,2,1,home_win
4827501,2026-03-07,1,3,away_win
4645952,2026-03-07,0,1,away_win
4641581,2026-03-07,2,1,home_win
4634388,2026-03-07,3,3,draw
4648851,2026-03-07,2,2,draw
4643002,2026-03-08,1,0,home_win
4620993,2026-03-08,1,0,home_win
4624719,2026-03-08,3,1,home_win
4645951,2026-03-08,1,1,draw
4648852,2026-03-08,2,2,draw
4664998,2026-03-08,0,0,draw
4641354,2026-03-08,2,2,draw
4832715,2026-03-08,2,4,away_win
4814359,2026-03-10,5,2,home_win
4814355,2026-03-10,1,0,home_win
4814357,2026-03-10,1,6,away_win
4814358,2026-03-10,1,1,draw
4814354,2026-03-11,5,2,home_win
4814356,2026-03-11,3,0,home_win
4814361,2026-03-11,1,1,draw
4814360,2026-03-11,3,0,home_win
4805859,2026-03-12,1,3,away_win
4805908,2026-03-12,1,2,away_win
4805911,2026-03-12,0,1,away_win
4805910,2026-03-12,1,1,draw
4805904,2026-03-12,2,0,home_win
4805905,2026-03-12,1,0,home_win
4805906,2026-03-12,1,0,home_win
4805909,2026-03-12,0,1,away_win
4805862,2026-03-12,2,1,home_win
4805860,2026-03-12,2,1,home_win
4620997,2026-03-14,1,1,draw
4626097,2026-03-14,1,1,draw
4634405,2026-03-14,1,1,draw
4626091,2026-03-14,0,1,away_win
4634410,2026-03-15,1,0,home_win
4634408,2026-03-15,0,1,away_win
4626093,2026-03-15,1,1,draw
4626094,2026-03-15,3,1,home_win
4645925,2026-03-15,5,2,home_win
4839823,2026-03-15,0,1,away_win
4620998,2026-03-15,1,0,home_win
4635236,2026-03-15,1,2,away_win
4814369,2026-03-17,2,0,home_win
4814368,2026-03-17,5,0,home_win
4814362,2026-03-17,0,3,away_win
4814364,2026-03-17,1,2,away_win
4814363,2026-03-18,4,0,home_win
4814366,2026-03-18,7,2,home_win
4814367,2026-03-18,3,2,home_win
4814365,2026-03-18,4,1,home_win
4805912,2026-03-18,4,0,home_win
4805913,2026-03-19,4,0,home_win
4805914,2026-03-19,5,1,home_win
4805917,2026-03-19,1,5,away_win
4805918,2026-03-19,3,4,away_win
4805919,2026-03-19,2,0,home_win
4805870,2026-03-19,1,2,away_win
4805868,2026-03-19,0,4,away_win
4805867,2026-03-19,1,2,away_win
4805916,2026-03-19,2,0,home_win
4645911,2026-03-20,3,1,home_win
4839825,2026-03-20,1,1,draw
4626100,2026-03-21,2,1,home_win
4634423,2026-03-21,4,0,home_win
4645912,2026-03-22,2,1,home_win
4645913,2026-03-22,1,0,home_win
4645909,2026-03-22,3,2,home_win
4787643,2026-03-22,1,1,draw
4818788,2026-03-22,0,2,away_win
4839830,2026-03-22,4,2,home_win
4626106,2026-03-22,0,3,away_win
4626098,2026-03-22,2,0,home_win
4635240,2026-03-22,1,2,away_win
4635248,2026-03-22,1,2,away_win
4648869,2026-03-22,1,2,away_win
4621009,2026-03-22,1,1,draw
4621006,2026-03-22,0,2,away_win
4624858,2026-03-22,1,1,draw
4624867,2026-04-04,0,0,draw
4634445,2026-04-04,0,2,away_win
4645903,2026-04-04,1,2,away_win
4634443,2026-04-04,2,3,away_win
4787628,2026-04-04,3,3,draw
4844306,2026-04-04,4,0,home_win
4635249,2026-04-05,2,1,home_win
4839836,2026-04-05,0,2,away_win
4621016,2026-04-05,5,2,home_win
4621020,2026-04-06,1,0,home_win
4850165,2026-04-06,4,2,home_win
4814371,2026-04-07,1,2,away_win
4814373,2026-04-07,0,1,away_win
4814372,2026-04-08,0,2,away_win
4805920,2026-04-08,1,1,draw
4814370,2026-04-08,2,0,home_win
4805875,2026-04-09,3,0,home_win
4805876,2026-04-09,3,0,home_win
4805922,2026-04-09,1,1,draw
4805923,2026-04-09,1,3,away_win
4839837,2026-04-10,2,3,away_win
4634459,2026-04-11,0,1,away_win
4645947,2026-04-11,2,1,home_win
4621025,2026-04-11,0,1,away_win
4624749,2026-04-12,0,0,draw
4850145,2026-04-12,3,1,home_win
4626115,2026-04-12,1,1,draw
4626111,2026-04-12,0,3,away_win
4626112,2026-04-12,2,1,home_win
4645941,2026-04-12,1,2,away_win
4621029,2026-04-13,1,0,home_win
4814374,2026-04-14,0,2,away_win
4814376,2026-04-14,1,2,away_win
4814375,2026-04-15,4,3,home_win
4814377,2026-04-15,0,0,draw
4805926,2026-04-16,1,0,home_win
4805924,2026-04-16,2,4,away_win
4805880,2026-04-16,2,1,home_win
4805879,2026-04-16,2,2,draw
4805927,2026-04-16,4,0,home_win
4626127,2026-04-18,2,2,draw
4842389,2026-04-18,5,6,away_win
4634479,2026-04-18,1,3,away_win
4621041,2026-04-18,1,1,draw
4621039,2026-04-18,0,2,away_win
4626120,2026-04-18,0,1,away_win
4635275,2026-04-19,1,2,away_win
4635268,2026-04-19,0,3,away_win
4634477,2026-04-19,4,2,home_win
4850139,2026-04-19,2,1,home_win
4839849,2026-04-19,1,1,draw
4621037,2026-04-19,2,0,home_win
4626124,2026-04-19,2,1,home_win
4648893,2026-04-19,1,2,away_win
4626121,2026-04-20,0,0,draw
4626130,2026-04-21,3,0,home_win
4839855,2026-04-22,1,1,draw
4824556,2026-04-22,2,3,away_win
4830557,2026-04-22,0,2,away_win
4850162,2026-04-22,0,0,draw
4830556,2026-04-23,2,1,home_win
4634497,2026-04-24,3,1,home_win
4645971,2026-04-24,1,1,draw
4626128,2026-04-25,1,0,home_win
4621045,2026-04-25,0,2,away_win
4645975,2026-04-25,3,2,home_win
4626133,2026-04-25,3,1,home_win
4621050,2026-04-26,0,0,draw
4850148,2026-04-26,1,3,away_win
4850146,2026-04-26,0,2,away_win
4624893,2026-04-26,4,0,home_win
4634495,2026-04-26,4,0,home_win
4839859,2026-04-26,1,0,home_win
4645974,2026-04-26,3,3,draw
4648044,2026-04-26,3,0,home_win
4814378,2026-04-28,5,4,home_win
4814379,2026-04-29,1,1,draw
4805884,2026-04-30,1,0,home_win
4805883,2026-04-30,1,3,away_win
4805928,2026-04-30,2,1,home_win
4805929,2026-04-30,1,0,home_win
4626146,2026-05-02,3,1,home_win
4634514,2026-05-02,4,1,home_win
4856831,2026-05-03,1,0,home_win
4626139,2026-05-03,1,2,away_win
4850154,2026-05-03,1,3,away_win
4635290,2026-05-03,4,2,home_win
4626145,2026-05-03,3,2,home_win
4839867,2026-05-03,1,1,draw
4646000,2026-05-04,1,0,home_win
4621065,2026-05-04,4,0,home_win
4626142,2026-05-04,1,3,away_win
4839865,2026-05-04,3,1,home_win
4794682,2026-05-04,0,1,away_win
4814381,2026-05-05,1,0,home_win
4814380,2026-05-06,1,1,draw
4805930,2026-05-07,3,1,home_win
4805886,2026-05-07,0,1,away_win
4805885,2026-05-07,2,1,home_win
4805931,2026-05-07,4,0,home_win
4634531,2026-05-08,3,2,home_win
4626152,2026-05-09,1,1,draw
4646016,2026-05-09,2,2,draw
4634534,2026-05-09,3,1,home_win
4621071,2026-05-09,0,3,away_win
4839873,2026-05-10,2,1,home_win
4850156,2026-05-10,1,1,draw
4856837,2026-05-10,3,0,home_win
4646012,2026-05-10,2,0,home_win
4621073,2026-05-10,2,3,away_win
4626154,2026-05-10,1,1,draw
4642439,2026-05-10,1,1,draw
4626157,2026-05-10,0,1,away_win
4635302,2026-05-10,0,1,away_win
4621074,2026-05-11,2,3,away_win
4648933,2026-05-11,2,2,draw
4624906,2026-05-13,0,2,away_win
4626104,2026-05-13,3,0,home_win
4645967,2026-05-13,2,3,away_win
4626159,2026-05-15,4,2,home_win
4634552,2026-05-16,4,1,home_win
4634551,2026-05-16,2,2,draw
4645991,2026-05-17,3,1,home_win
4621083,2026-05-17,0,2,away_win
4621085,2026-05-17,2,0,home_win
4645994,2026-05-17,2,0,home_win
4645998,2026-05-17,0,1,away_win
4621078,2026-05-17,0,1,away_win
4856817,2026-05-17,4,0,home_win
4850160,2026-05-17,5,0,home_win
4839879,2026-05-17,2,0,home_win
4635310,2026-05-17,5,4,home_win
4635309,2026-05-17,3,1,home_win
4626165,2026-05-17,3,2,home_win
4626166,2026-05-17,3,1,home_win
4626162,2026-05-19,2,1,home_win
4850149,2026-05-21,0,0,draw
4621090,2026-05-22,1,1,draw
4621088,2026-05-23,3,3,draw
4645985,2026-05-23,4,2,home_win
4626168,2026-05-24,0,3,away_win
4850141,2026-05-24,5,1,home_win
4626173,2026-05-24,1,2,away_win
4645986,2026-05-24,5,1,home_win
4626170,2026-05-24,1,2,away_win
4850140,2026-05-24,5,0,home_win
